{
    "0": {
        "id": "producto_65896bf1d6ba71.23030401",
        "nombre": "Tomate 3x3"
    },
    "1": {
        "id": "producto_65896bfef05f63.32473046",
        "nombre": "Cebolla Blanca"
    },
    "2": {
        "id": "producto_6589957f6025f3.30501291",
        "nombre": "Tomate Perita"
    },
    "3": {
        "id": "producto_658995982d1c52.47245486",
        "nombre": "Cebolla Morada"
    },
    "4": {
        "id": "producto_658995a80b63b2.48421071",
        "nombre": "Pimenton Verde"
    },
    "5": {
        "id": "producto_658995af443d17.45633433",
        "nombre": "Pimenton Rojo"
    },
    "6": {
        "id": "producto_658995b6736cf8.06260828",
        "nombre": "Pimenton Amarillo"
    },
    "7": {
        "id": "producto_658995c2dc0733.12009465",
        "nombre": "Aji Criollo"
    },
    "9": {
        "id": "producto_65899604dd9fc7.52556007",
        "nombre": "Aji Pico de Loro"
    },
    "10": {
        "id": "producto_6589960e513470.18820770",
        "nombre": "Pina"
    },
    "11": {
        "id": "producto_658996139d9a76.96013598",
        "nombre": "Zapallo"
    },
    "12": {
        "id": "producto_6589961dc11ff4.50192022",
        "nombre": "Uvas Verde"
    },
    "13": {
        "id": "producto_65899624a85374.22896068",
        "nombre": "Uvas Rojas"
    },
    "14": {
        "id": "producto_6589963202b187.86431756",
        "nombre": "Culantro"
    },
    "15": {
        "id": "producto_65899638b70946.69667812",
        "nombre": "Cilantro"
    },
    "16": {
        "id": "producto_658996646c6ba3.76747761",
        "nombre": "Hierba Buena Importada "
    },
    "17": {
        "id": "producto_65899670b67740.10708065",
        "nombre": "Hierba Buena Nacional"
    },
    "18": {
        "id": "producto_6589967a10b781.90518954",
        "nombre": "Brocoli"
    },
    "19": {
        "id": "producto_65899680aeb771.59262346",
        "nombre": "Coliflor"
    },
    "20": {
        "id": "producto_65899699082226.91199740",
        "nombre": "Tamarindo"
    },
    "21": {
        "id": "producto_658996a5cb9b98.08683606",
        "nombre": "Naranja Nacional"
    },
    "22": {
        "id": "producto_658996b2e9d6f3.70055352",
        "nombre": "Naranja Importada"
    },
    "23": {
        "id": "producto_658996bce943b4.37318366",
        "nombre": "Sandia"
    },
    "24": {
        "id": "producto_658996c31629d5.87501185",
        "nombre": "Melon"
    },
    "25": {
        "id": "producto_658996c9cdc782.23570546",
        "nombre": "Papaya"
    },
    "26": {
        "id": "producto_658996cf817a88.29942922",
        "nombre": "Maracuya"
    },
    "27": {
        "id": "producto_658996d3451892.88714666",
        "nombre": "Mango"
    },
    "28": {
        "id": "producto_658996e7208693.24147182",
        "nombre": "Limon Criollo"
    },
    "29": {
        "id": "producto_658996eff2ea08.83575324",
        "nombre": "Limon Persa"
    },
    "30": {
        "id": "producto_658997023cdc57.64639086",
        "nombre": "Limon Amarrillo"
    },
    "31": {
        "id": "producto_6589970860a199.05219561",
        "nombre": "Pomelo"
    },
    "32": {
        "id": "producto_658997102d04b9.19949140",
        "nombre": "Manzana Roja"
    },
    "33": {
        "id": "producto_65899719af0819.03244203",
        "nombre": "Manzana Verde"
    },
    "34": {
        "id": "producto_6589972456ec34.61719155",
        "nombre": "Fresa"
    },
    "35": {
        "id": "producto_6589973be3ed53.49328484",
        "nombre": "Baby Corn"
    },
    "36": {
        "id": "producto_6589974171a656.88316498",
        "nombre": "Berenjena"
    },
    "37": {
        "id": "producto_6589975a80c0e1.76839930",
        "nombre": "Zukini"
    },
    "38": {
        "id": "producto_6589976ad13522.74786523",
        "nombre": "Tomate Cherry"
    },
    "39": {
        "id": "producto_65899781b80c50.03135121",
        "nombre": "Lechuga Romana"
    },
    "40": {
        "id": "producto_65899795e93f34.18934777",
        "nombre": "Lechuga Green"
    },
    "41": {
        "id": "producto_658997af556b64.33502364",
        "nombre": "Platano Verde"
    },
    "42": {
        "id": "producto_658997bcc4bc16.80165299",
        "nombre": "Platano Maduro"
    },
    "43": {
        "id": "producto_658997cd1e13a0.53123412",
        "nombre": "Romero"
    },
    "44": {
        "id": "producto_658997d1c73440.11259151",
        "nombre": "Tomillo"
    },
    "45": {
        "id": "producto_658997da671ab7.16178123",
        "nombre": "Espinaca"
    },
    "46": {
        "id": "producto_658997eb880786.36821617",
        "nombre": "Hoja de mostaza"
    },
    "47": {
        "id": "producto_658997f43fdaa6.00478639",
        "nombre": "Hoja de mostaza verde"
    },
    "48": {
        "id": "producto_6589980399ddb8.76359214",
        "nombre": "Cebollina"
    },
    "49": {
        "id": "producto_65899817633dd2.96096285",
        "nombre": "Maiz"
    },
    "50": {
        "id": "producto_65899820cb9050.20493492",
        "nombre": "Aguacate"
    },
    "51": {
        "id": "producto_6589982e5913e3.07136428",
        "nombre": "Zanahoria"
    },
    "52": {
        "id": "producto_6589983395b482.25698693",
        "nombre": "Repollo Verde"
    },
    "53": {
        "id": "producto_6589983d1b94e6.95451252",
        "nombre": "Repollo Morado"
    },
    "54": {
        "id": "producto_6589984739ab24.99820513",
        "nombre": "Papa Comercial "
    },
    "55": {
        "id": "producto_65899850b0b964.04886895",
        "nombre": "Papa Jumbo"
    },
    "56": {
        "id": "producto_6589987ece6ef3.53772415",
        "nombre": "Apio"
    },
    "57": {
        "id": "producto_65899889ef3399.44204924",
        "nombre": "Jalapeno"
    },
    "58": {
        "id": "producto_658998c5acb5f7.08978147",
        "nombre": "Mesclum"
    },
    "59": {
        "id": "producto_658998cb4c88e8.16035900",
        "nombre": "Palmito"
    },
    "60": {
        "id": "producto_658998dc5b6361.99744367",
        "nombre": "Banana"
    },
    "61": {
        "id": "producto_658998ecea85c3.16748974",
        "nombre": "Arugula"
    },
    "62": {
        "id": "producto_658999016f1e18.92226045",
        "nombre": "Mandarina"
    },
    "63": {
        "id": "producto_6589990a6490e8.03979415",
        "nombre": "Hongo Blanco"
    },
    "64": {
        "id": "producto_658999121e3466.95630564",
        "nombre": "Hongo Crimini"
    },
    "65": {
        "id": "producto_658999b2b8fb43.06964771",
        "nombre": "Lentejas"
    },
    "66": {
        "id": "producto_658999c6d99607.26474653",
        "nombre": "Frijol Negro"
    },
    "67": {
        "id": "producto_658999cea926b4.99776122",
        "nombre": "Porotos"
    },
    "68": {
        "id": "producto_658999d5d03de3.78888217",
        "nombre": "Yuca"
    },
    "69": {
        "id": "producto_658999dc89d997.97586619",
        "nombre": "name"
    },
    "70": {
        "id": "producto_658999e2a0bde6.64533480",
        "nombre": "Otoe"
    },
    "71": {
        "id": "producto_658999f1e061d0.78907650",
        "nombre": "jengibre "
    },
    "72": {
        "id": "producto_65899a45beca78.32730550",
        "nombre": "Miel de Cana"
    },
    "73": {
        "id": "producto_65899a4e1e3ea0.22334322",
        "nombre": "Miel de Abeja"
    },
    "74": {
        "id": "producto_65899a5415ab76.92279964",
        "nombre": "Raspadura"
    },
    "75": {
        "id": "producto_65899a5c0d5689.28710230",
        "nombre": "Coco Rayado"
    },
    "76": {
        "id": "producto_65899b74a560b8.73765829",
        "nombre": "Kale"
    },
    "77": {
        "id": "producto_65899bbb927b35.81573339",
        "nombre": "Berro"
    },
    "78": {
        "id": "producto_65899bdd95e8f6.63438484",
        "nombre": "Ajo"
    },
    "79": {
        "id": "producto_658b716d323d83.76628791",
        "nombre": "Pepino"
    },
    "80": {
        "id": "producto_659e0a73841531.37311260",
        "nombre": "Tomate de arbol "
    },
    "81": {
        "id": "producto_659e0ab37ff121.98842007",
        "nombre": "Repollo Chino"
    },
    "82": {
        "id": "producto_659e0adeb019b2.39899045",
        "nombre": "Albahaca"
    },
    "83": {
        "id": "producto_659e0ae77ad473.30704532",
        "nombre": "Nabo"
    },
    "84": {
        "id": "producto_659e0b1ef10559.50339350",
        "nombre": "Remolacha"
    },
    "85": {
        "id": "producto_659e0cb0bfe9d5.30569671",
        "nombre": "Perejil Italiano"
    },
    "86": {
        "id": "producto_65a27d49e73d66.57847390",
        "nombre": "uchua"
    },
    "87": {
        "id": "producto_65b3150395b2b7.58601369",
        "nombre": "Acelga"
    },
    "88": {
        "id": "producto_65bb9d57269a29.49929605",
        "nombre": "Guandu"
    },
    "89": {
        "id": "producto_65bb9d60834fe7.98584162",
        "nombre": "Puerro"
    },
    "90": {
        "id": "producto_65bc597bf34e26.71649804",
        "nombre": "Rabano"
    },
    "91": {
        "id": "producto_65bc598ddbe516.84982199",
        "nombre": "Perejil"
    },
    "92": {
        "id": "producto_65c0227e08ac79.86068686",
        "nombre": "blueberry"
    },
    "93": {
        "id": "producto_65c02296baf371.81704220",
        "nombre": "Mazorca"
    },
    "94": {
        "id": "producto_65c022a748e401.91986058",
        "nombre": "Mazorca baby"
    },
    "95": {
        "id": "producto_65c3732f858c90.90450847",
        "nombre": "Frijol Nacido"
    },
    "96": {
        "id": "producto_65dfd7d8080bd3.69434714",
        "nombre": "Ciruela"
    },
    "97": {
        "id": "producto_65e2bc350a5a06.41174433",
        "nombre": "Lechuga Nacional"
    },
    "98": {
        "id": "producto_65e2bc6bec22b0.52555348",
        "nombre": "Pixbae"
    },
    "99": {
        "id": "producto_6600a4dd7430f0.47730093",
        "nombre": "Habichuela"
    },
    "100": {
        "id": "producto_660d115d1a9ca8.94646494",
        "nombre": "Blackberry"
    },
    "101": {
        "id": "producto_6647ad343c22d1.00996193",
        "nombre": "Hongo portobelo"
    },
    "102": {
        "id": "producto_664bf1f3bf3ed8.34299332",
        "nombre": "Toronja nacional"
    },
    "103": {
        "id": "producto_664c5706ac7d39.63468651",
        "nombre": "Eneldo"
    },
    "104": {
        "id": "producto_67b07f37d4b420.36855687",
        "nombre": "Aji Chombo"
    },
    "105": {
        "id": "producto_68e6d7d26674f2.81360553",
        "nombre": "Kiwi"
    }
}